year,country,institution,city,page-range,authors,title,Year,Title,Authors,Link,Score
1980,USA,Queens College,New York City,96-99,G. Federkow; W. Buxton; S. Patel; K. C. Smith,A microprocessor controlled clavier,1980,A Microprocessor Controlled Clavier,"Federkow, G.; Buxton, W.; Patel, S.; Smith, K. C.",https://quod.lib.umich.edu/i/icmc/bbp2372.1980.008/1,100
1980,USA,Queens College,New York City,100,W. Reeves; W. Buxton; G. Federkow; K. C. Smith; R. Baecker,A microprocessor-based conducting system,1980,A Microprocessor-based Conducting System,"Buxton, W.; Reeves, W.; Fedorkow, G.; Smith, K.C.; Baecker, R.",https://quod.lib.umich.edu/i/icmc/bbp2372.1980.009/1,100
1980,USA,Queens College,New York City,159-177,F. Richard Moore,Computer audio research laboratory report,1980,Computer Audio Research Laboratory Report,"Moore, F. Richard",https://quod.lib.umich.edu/i/icmc/bbp2372.1980.015/1,100
1980,USA,Queens College,New York City,565-573,Steve Levine; J. William Mauchly,THE Fairlight computer musical instrument,1980,The Fairlight Computer Musical Instrument,"Levine, Steve; Mauchly, J. William",https://quod.lib.umich.edu/i/icmc/bbp2372.1980.043/1,100
1980,USA,Queens College,New York City,574-576,Michael Yantis,SBASS-1 features,1980,SBASS-1 Features,"Yantis, Michael",https://quod.lib.umich.edu/i/icmc/bbp2372.1980.044/1,100
1980,USA,Queens College,New York City,583-594,Blair D. McKay; Barry L. Wills; David W. Carr,Polyphonic velocity-sensitive keyboard interface,1980,Polyphonic Velocity-Sensitive Keyboard Interface,"McKay, Blair D.; Wills, Barry L.; Carr, Davd W.",https://quod.lib.umich.edu/i/icmc/bbp2372.1980.046/1,100
1980,USA,Queens College,New York City,595-606,Douglas J. Steele; Barry L. Wills,A microcomputer-based keyboard music system,1980,A Microcomputer-Based Keyboard Music System,"Steele, Douglas J.; Wills, Barry L.",https://quod.lib.umich.edu/i/icmc/bbp2372.1980.047/1,100
1981,USA,North Texas State University,Denton,196-212,Colin Banger; Bruce Pennycook,GCOMP : graphic control of mixing and processing,1981,GCOMP: Graphic Control of Mixing and Processing,"Banger, Colin; Pennycook, Bruce",https://quod.lib.umich.edu/i/icmc/bbp2372.1981.019/1,100
1981,USA,North Texas State University,Denton,246-263,John Snell,Real-time console for live performance of computer music and for recording studios,1981,Real-time Console for Live Performance of Computer Music and for Recording Studios,"Snell, John",https://quod.lib.umich.edu/i/icmc/bbp2372.1981.025/1,100
1981,USA,North Texas State University,Denton,283,Barton McLean,The Fairlight CMI and its uses in advanced laser graphics,1981,The Fairlight CMI and Its Uses in Advanced Laser Graphics,"McLean, Barton",https://quod.lib.umich.edu/i/icmc/bbp2372.1981.031/1,100
1981,USA,North Texas State University,Denton,285,Jeffrey S. Risberg,Evolution of interactive control and real-time synthesis in a digital music system,1981,Evolution of Interactive Control and Real-time Synthesis in a Digtital Music System,"Risberg, Jeffrey S.",https://quod.lib.umich.edu/i/icmc/bbp2372.1981.033/1,99
1981,USA,North Texas State University,Denton,293-297,L. Sasaki; G. Fedorkow; W. Buxton; C. Retterath; K. C. Smith,A touch-sensitive input device,1981,A Touch-Sensitive Input Device,"Sasaki, L.; Fedorkow, G.; Buxton, W.; Retterath, C.; Smith, K. C.",https://quod.lib.umich.edu/i/icmc/bbp2372.1981.037/1,100
1982,Italy,Bienalle Venice,Venedig,66-72,S. Sapir; R. Kronland-Martinet,Use of microprocessor in real-time synthesis of sounds,1982,Use of Microprocessor in Real-Time Synthesis of Sounds,"Sapir, Sylviane; Kronland-Martinet, Ricard",https://quod.lib.umich.edu/i/icmc/bbp2372.1982.008/1,100
1982,Italy,Bienalle Venice,Venedig,73-91,C. Cadoz; A.L Luciani; J. L. Florens; T. Berberyan,The control channels of instrumental playing in computer music - real time in computer music incidence on the choice of the basic models,1982,"The Control Channels of Instrumental Playing in Computer Music - Real Time in Computer Music, Incidence on the Choice of the Basic Models","Cadoz, Claude; Luciani, Annie; Florens, Jean-Loup; Dars-Berberyan, Talin",https://quod.lib.umich.edu/i/icmc/bbp2372.1982.009/1,100
1982,Italy,Bienalle Venice,Venedig,188-193,C. Abbott,Remembering performance gestures,1982,Remembering Performance Gestures,"Abbott, Curtis",https://quod.lib.umich.edu/i/icmc/bbp2372.1982.017/1,100
1982,Italy,Bienalle Venice,Venedig,232-240,J. F. Allouis; J. Y. Bernier,The SYTER project : sound processor design and software overview,1982,The SYTER Project: Sound Processor Design and Software Overview,"Allouis, Jean François; Bernier, Jean-Yves",https://quod.lib.umich.edu/i/icmc/bbp2372.1982.022/1,100
1982,Italy,Bienalle Venice,Venedig,241-244,M. De Loye,Real-time control system for digital synthesizer,1982,Real-Time Control System for Digital Synthesizer,"De Loye, Martin",https://quod.lib.umich.edu/i/icmc/bbp2372.1982.023/1,100
1982,Italy,Bienalle Venice,Venedig,588-600,G. W. Swift; M. Yunik,A microprocessor based keyboard instrument for microtonal music,1982,A Microprocessor Based Keyboard Instrument for Microtonal Music,"Swift, G. W.; Yunik, M.",https://quod.lib.umich.edu/i/icmc/bbp2372.1982.046/1,100
1982,Italy,Bienalle Venice,Venedig,601-605,R. Moog,A multiply touch-sensitive clavier for computer music systems,1982,A Multiply Touch-Sensitive Clavier for Computer Music Systems,"Moog, Robert A.",https://quod.lib.umich.edu/i/icmc/bbp2372.1982.047/1,100
1983,USA,Eastman School of Music,Rochester,104-110,Gary Nelson; John Talbert,The alles machine revisited,1983,The Alles Machine Revisited,"Nelson, Gary; Talbert, John",https://quod.lib.umich.edu/i/icmc/bbp2372.1983.010/1,100
1983,USA,Eastman School of Music,Rochester,114-127,John Snell,Sensor for playing computer music with expression,1983,Sensors for Playing Computer Music with Expression,"Snell, John M.",https://quod.lib.umich.edu/i/icmc/bbp2372.1983.012/1,99
1983,USA,Eastman School of Music,Rochester,128-137,M. Yunik; M. Borys; G. W. Swift,A microprocessor based digital flute,1983,A Microprocessor Based Digital Flute,"Yunik, M.; Borys, M.; Swift, G. W.",https://quod.lib.umich.edu/i/icmc/bbp2372.1983.013/1,100
1983,USA,Eastman School of Music,Rochester,253-261,Werner Kaegi,The MIDIM system,1983,The MIDIM System,"Kaegi, Werner",https://quod.lib.umich.edu/i/icmc/bbp2372.1983.019/1,100
1983,USA,Eastman School of Music,Rochester,299-306,Joel Chadabe,Interactive Composing: An Overview,1983,Interactive Composing: An Overview,"Chadabe, Joel",https://quod.lib.umich.edu/i/icmc/bbp2372.1983.023/1,100
1984,France,IRCAM,Paris,5-16,R. B. Dannenberg; P. Avinney,A functional approach to real-time control,1984,A Functional Approach to Real-Time Control,"Dannenberg, Roger B.; McAvinney, Paul",https://quod.lib.umich.edu/i/icmc/bbp2372.1984.002/1,100
1984,France,IRCAM,Paris,25-34,F. Azzolini; S. Sapir,Score and/or gesture: The system RTI4I for real-time control of the processor 4I,1984,Score and/or Gesture: the System RTI4I for Real-Time Control of the Digital Processor 4I,"Azzolini, Franco; Sapir, Sylviane",https://quod.lib.umich.edu/i/icmc/bbp2372.1984.005/1,95
1984,France,IRCAM,Paris,199-200,B. Vercoe,The synthetic performer in the context of live performance,1984,The Synthetic Performer in The Context of Live Performance,"Vercoe, Barry",https://quod.lib.umich.edu/i/icmc/bbp2372.1984.026/1,100
1984,France,IRCAM,Paris,201-202,P. Jaffrennou; P. Jaubert; L. Champenois,SINFONIE: numerical process command with gestural input control,1984,SINFONIE: Numerical Process Command with Gestual Input Control,"Jaffrennou, Pierre-Alain; Jaubert, Pierre; Champenois, Ludovic",https://quod.lib.umich.edu/i/icmc/bbp2372.1984.027/1,99
1984,France,IRCAM,Paris,203-212,G. Young,Hugh Le Caine’s 1948 sackbut synthesizer: performance mode of electronic instruments,1984,Hugh Le Caine's 1948 Sackbut Synthesizer: Performance Mode of Electronic Instruments,"Young, Gayle",https://quod.lib.umich.edu/i/icmc/bbp2372.1984.028/1,100
1984,France,IRCAM,Paris,213-216,R. Teitelbaum,The digital piano and the patch control language system,1984,The Digital Piano and the Patch Control Language System,"Teitelbaum, Richard",https://quod.lib.umich.edu/i/icmc/bbp2372.1984.029/1,100
1985,Canada,Simon Fraser University,Burnaby,275-278,Barry Vercoe; Miller Puckette,Synthetic Rehearsal: Training the Synthetic Performer,1985,Synthetic Rehearsal: Training the Synthetic Performer,"Vercoe, Barry; Puckette, Miller",https://quod.lib.umich.edu/i/icmc/bbp2372.1985.043/1,100
1985,Canada,Simon Fraser University,Burnaby,279-289,Joshua J. Bloch; Roger B. Dannenberg,Real-Time Computer Accompaniment of Keyboard Performances,1985,Real-Time Computer Accompaniment of Keyboard Performances,"Bloch, Joshua J.; Dannenberg, Roger B.",https://quod.lib.umich.edu/i/icmc/bbp2372.1985.044/1,100
1985,Canada,Simon Fraser University,Burnaby,291-295,Eric Johnstone,The ROLKY: A Poly-Touch Controller For Electronic Music,1985,The Rolky: A Poly-Touch Controller for Electronic Music,"Johnstone, Eric",https://quod.lib.umich.edu/i/icmc/bbp2372.1985.045/1,100
1985,Canada,Simon Fraser University,Burnaby,313-318,Michel Waisvisz,The HANDS; a Set of Remote MIDI-Controllers,1985,The Hands: A Set of Remote MIDI-Controllers,"Waisvisz, Michel",https://quod.lib.umich.edu/i/icmc/bbp2372.1985.049/1,100
1985,Canada,Simon Fraser University,Burnaby,325-328,Daniel Arfib,Man-Machine Dialog Using MIDI Files,1985,Man-Machine Dialog using MIDI Files,"Arfib, Daniel",https://quod.lib.umich.edu/i/icmc/bbp2372.1985.051/1,100
1985,Canada,Simon Fraser University,Burnaby,329-330,Ross Gillett; Kenneth C. Smith; Bob Pritchard,MADDM - Dance-Directed Music,1985,MADDM -- Dance-Directed Music,"Gillett, Ross; Smith, Kenneth C.; Pritchard, Bob",https://quod.lib.umich.edu/i/icmc/bbp2372.1985.052/1,100
1985,Canada,Simon Fraser University,Burnaby,331-335,Giovanni B. Debiasi,M.I.N.I. (Musical Instruments Numerical Interface),1985,M.I.N.I. (Musical Instruments Numerical Interface),"Debiasi, Giovanni B.",https://quod.lib.umich.edu/i/icmc/bbp2372.1985.053/1,100
1985,Canada,Simon Fraser University,Burnaby,337-339,Ron Kuivila,Untitled: An Interactive Installation,1985,Untitled: An Interactive Installation,"Kuivila, Ronald",https://quod.lib.umich.edu/i/icmc/bbp2372.1985.054/1,100
1986,Netherlands,Royal Conservatory,Den Haag,65-70,Jean-Loup Florens; Aime Razafindrakoto; Annie Luciani; Claude Cadoz,Optimized Real Time Simulation of Objects for Musical Synthesis and Animated Image Synthesis,1986,Optimized Real-Time Simulation of Objects for Musical Synthesis and Animated Image Synthesis,"Florens, Jean-Loup; Razafindrakoto, Aime; Luciani, Annie; Cadoz, Claude",https://quod.lib.umich.edu/i/icmc/bbp2372.1986.015/1,100
1986,Netherlands,Royal Conservatory,Den Haag,95-97,Philippe Prevot,Tele-detection and Large Dimension Gestual Control,1986,Tele-detection and Large Dimension Gestual Control,"Prevot, Phillipe",https://quod.lib.umich.edu/i/icmc/bbp2372.1986.022/1,100
1986,Netherlands,Royal Conservatory,Den Haag,99-100,J. C. Radier; Ch. Deforeit; D. Provost,A User Friendly Synthesizer by Means of a Touch Input Wide LCD Graphic Display,1986,A User Friendly Synthesizer by Means of a Touch Input Wide LCD Graphic Display,"Radier, J. C.; Deforeit, Ch.; Provost, D.",https://quod.lib.umich.edu/i/icmc/bbp2372.1986.023/1,100
1986,Netherlands,Royal Conservatory,Den Haag,237-239,P.-F. Baisnee; J.B. Barriere; O. Koechlin; R. Rowe,Real-Time Interaction between Musicians and Computer: Live Performance Utilisations of the 4X Musical Workstation,1986,Real-time Interaction between Musicians and Computer: Live Performance Utilisations of the 4X Musical Workstation,"Baisnee, P. F.; Barrière, J. B.; Koechlin, O.; Rowe, R.",https://quod.lib.umich.edu/i/icmc/bbp2372.1986.048/1,100
1986,Netherlands,Royal Conservatory,Den Haag,423-426,Michel Starkier; Philippe Prevot,Real-Time Gestural Control,1986,Real-Time Gestural Control,"Starkier, Michel; Prevot, Philippe",https://quod.lib.umich.edu/i/icmc/bbp2372.1986.081/1,100
1995,USA,University of Illinois,Champaign/Urbana,104-105,Fernando Lopez-Lezcano,PadMaster: an improvisation environment for real time performance,1995,PadMaster: An Improvisation Environment for Real Time Performance,"Lopez-Lezcano, Fernando",https://quod.lib.umich.edu/i/icmc/bbp2372.1995.025/1,100
1987,USA,University of Illinois,Champaign/Urbana,130-137,John M. Snell,General-purpose Hi-fidelity Affordable Real-time Computer Music System,1987,General-purpose Hi-fidelity Affordable Real-time Computer Music System,"Snell, John M.",https://quod.lib.umich.edu/i/icmc/bbp2372.1987.019/1,100
1987,USA,University of Illinois,Champaign/Urbana,212-219,Gary Grossman,Instruments Cybernetics and Computer Music,1987,"Instruments, Cybernetics, and Computer Music","Grossman, Gary",https://quod.lib.umich.edu/i/icmc/bbp2372.1987.030/1,100
1988,Germany,GIMIK,Köln,1-12,Claude Cadoz,Instrumental gesture and musical composition,1988,Instrumental Gestures and Musical Composition,"Cadoz, Claude",https://quod.lib.umich.edu/i/icmc/bbp2372.1988.001/1,99
1988,Germany,GIMIK,Köln,15-19,D. J. Collinge; S. M. Parkinson,The Oculus Ranae:,1988,The Oculus Ranae,"Collinge, D.J.; Parkinson, S.M.",https://quod.lib.umich.edu/i/icmc/bbp2372.1988.002/1,100
1988,Germany,GIMIK,Köln,28-40,Sylvie Gibet; Jean-Loup Florens, Instrumental Gesture Modeling by Identification with Time-varying Mechanical Models,1988,Instrumental Gesture Modeling by Identification with Time-varying Mechanical Models,"Gibet, Sylvie; Florens, Jean-Loup",https://quod.lib.umich.edu/i/icmc/bbp2372.1988.004/1,100
1988,Germany,GIMIK,Köln,49-55,Rubine Dean; Paul McAvinney,The VideoHarp,1988,The VideoHarp,"Rubine, Dean; McAvinney, Paul",https://quod.lib.umich.edu/i/icmc/bbp2372.1988.006/1,100
1988,Germany,GIMIK,Köln,90-99,Jean-Michel Raczinski;  Gerard Marino,A Real-Time Synthesis Unit,1988,A Real Time Synthesis Unit,"Raczinski, Jean-Michael; Marino, Gerard",https://quod.lib.umich.edu/i/icmc/bbp2372.1988.010/1,100
1989,USA,Ohio State University,Columbus,1-4,Kristi Allik,The Interactive Arts System: Introduction to a Real-Time Performance Tool,1989,The Interactive Arts System: Introduction to a Real Time Performance Tool,"Allik, Kristi; Mulder, Robert",https://quod.lib.umich.edu/i/icmc/bbp2372.1989.001/1,100
1989,USA,Ohio State University,Columbus,65-68,Xavier Chabot,Performance with Electronics: Gesture Interfaces and Software Toolkit,1989,Performance with Electronics: Gesture Interfaces and Software Toolkit,"Chabot, Xavier",https://quod.lib.umich.edu/i/icmc/bbp2372.1989.016/1,100
1989,USA,Ohio State University,Columbus,101-104,Arnie Eigenfeldt,Contour: A Real-Time MIDI System Based on Gestural Input,1989,Contour: A Real-time Midi System Based on Gestural Input,"Wigenfeldt, Arne",https://quod.lib.umich.edu/i/icmc/bbp2372.1989.025/1,100
1989,USA,Ohio State University,Columbus,151-154,David Keane;  Peter Gross,The Midi Baton,1989,The MIDI Baton,"Keane, David; Gross, Peter",https://quod.lib.umich.edu/i/icmc/bbp2372.1989.037/1,100
1989,USA,Ohio State University,Columbus,155-159,Gregory Kramer; Robert Moog;  Alan Peevers,The Hybrid: A Music Performance System,1989,The Hybrid: A Music Performance System,"Kramer, Gregory; Moog, Robert; Peevers, Alan",https://quod.lib.umich.edu/i/icmc/bbp2372.1989.038/1,100
1989,USA,Ohio State University,Columbus,184-185,George W. Logemman,Experiments with a Gestural Controller,1989,Experiments with a Gestural Controller,"Logemann, George W.",https://quod.lib.umich.edu/i/icmc/bbp2372.1989.045/1,100
1989,USA,Ohio State University,Columbus,186-190,Tod Machover,Hyperinstruments: Musically Intelligent and Interactive Performance and Creativity Systems,1989,Hyperinstruments: Musically Intelligent and Interactive Performance and Creativity Systems,"Machover, Tod; Chung, Joe",https://quod.lib.umich.edu/i/icmc/bbp2372.1989.046/1,100
1989,USA,Ohio State University,Columbus,191-198,Toshiaki Matsushima; Sadamu Ohteru; Shuji Hashimoto,An Integrated Music Information Processing System: PSB-er,1989,An Integrated Music Information Processing System: PSB-er,"Matsushima, Toshiaki; Ohteru, Sadamu; Hashimoto, Shuji",https://quod.lib.umich.edu/i/icmc/bbp2372.1989.047/1,100
1989,USA,Ohio State University,Columbus,207-210,H. Morita; S. Ohteru; S. Hashimoto,Computer Music System which Follows a Human Conductor,1989,Computer Music System Which Follows a Human Conductor,"Morita, H.; Ohteru, S.; Hashimoto, S.",https://quod.lib.umich.edu/i/icmc/bbp2372.1989.050/1,100
1989,USA,Ohio State University,Columbus,211-214,Dexter Morrill; Perry R. Cook,Hardware; Software; and Compositional Tools for Real Time Improvised Solo Trumpet Work,1989,"Hardware, Software, and Compositional Tools for a Real Time Improvised Solo Trumpet Work","Morrill, Dexter; Cook, Perry R.",https://quod.lib.umich.edu/i/icmc/bbp2372.1989.051/1,99
1990,United Kingdom,University of Glasgow,Glasgow,53-56,Claude Cadoz; Christophe Ramstein,Capture; Representation; and 'Composition' of the Instrumental Gesture,1990,"Capture, Representation and ""Composition"" of the Instrumental Gesture","Cadoz, Claude; Ramstein, Christophe",https://quod.lib.umich.edu/i/icmc/bbp2372.1990.011/1,100
1990,United Kingdom,University of Glasgow,Glasgow,75-78,Jean-Loup Florens; Claude Cadoz,Modular Modelisation and Stimulation of the Instrument,1990,Modular Modelisation and Simulation of the Instrument,"Florens, Jean-Loup; Cadoz, Claude",https://quod.lib.umich.edu/i/icmc/bbp2372.1990.018/1,99
1990,United Kingdom,University of Glasgow,Glasgow,112-114,Marina Bosi,An Interactive Real-time System for the Control of Sound Localization,1990,An Interactive Real-time System for the Control of Sound Localization,"Bosi, Marina",https://quod.lib.umich.edu/i/icmc/bbp2372.1990.028/1,100
1990,United Kingdom,University of Glasgow,Glasgow,245-248,Michael McNabb,Ensemble: An Extensible Real-time Music Performance Environment,1990,Ensemble: An Extensible Real-time Music Performance Environment,"McNabb, Michael",https://quod.lib.umich.edu/i/icmc/bbp2372.1990.069/1,100
1990,United Kingdom,University of Glasgow,Glasgow,249-252,Gerard Marino; Jean-Michel Raczinski; Marie-Helene Serra,The New UPIC System,1990,The New UPIC System,"Marino, Gerard; Raczinski, Jean-Michael; Serra, Marie-Hélène",https://quod.lib.umich.edu/i/icmc/bbp2372.1990.070/1,100
1990,United Kingdom,University of Glasgow,Glasgow,332-334,Hideyuki Morita; Hiroshi Watanabe; Tsumotu Harada; Sadamu Ohteru; Shuji Watanabe,Knowledge Information Processing in Conducting Computer Music Performer,1990,Knowledge Information Processing in Conducting Computer Music Performer,"Morita, Hideyuki; Watanabe, Hiroshi; Harada, Tsutomu; Ohteru, Sadamu; Hashimoto, Shuji",https://quod.lib.umich.edu/i/icmc/bbp2372.1990.094/1,100
1990,United Kingdom,University of Glasgow,Glasgow,379-382,Claude Cadoz; Leszek Lisowski; Jean-Loup Florens,Modular Feedback Keyboard,1990,Modular Feedback Keyboard,"Cadoz, Claude; Lisowski, Leszek; Florens, Jean-Loup",https://quod.lib.umich.edu/i/icmc/bbp2372.1990.108/1,100
1990,United Kingdom,University of Glasgow,Glasgow,392-394,Andy Hunt; Ross Kirk; Richard Orton,MIDIGRID: An Innovative Computer-based and Composition System,1990,MIDIGRID: An Innovative Computer-based Performance and Composition System,"Hunt, Andy; Kirk, Ross; Orton, Richard",https://quod.lib.umich.edu/i/icmc/bbp2372.1990.111/1,91
1990,United Kingdom,University of Glasgow,Glasgow,395-397,Alistair M. Riddell,A Meta-Action for the Grand Piano,1990,A Meta-Action for the Grand Piano,"Riddell, Alistair M.",https://quod.lib.umich.edu/i/icmc/bbp2372.1990.112/1,100
1990,United Kingdom,University of Glasgow,Glasgow,398-400,W. Andrew Schloss,Recent Advances in the Coupling of the Language MAX with the Matthew-Boie Radio Drum,1990,Recent Advances in the Coupling of the Language MAX with the Matthews/Boie Radio Drum,"Schloss, W. Andrew",https://quod.lib.umich.edu/i/icmc/bbp2372.1990.113/1,99
1991,Canada,McGill University,Montréal,123-126,Eric Johnstone,A MIDI foot controller - the podoboard,1991,A MIDI Foot Controller-The Podoboard,"Johnstone, Eric",https://quod.lib.umich.edu/i/icmc/bbp2372.1991.028/1,100
1991,Canada,McGill University,Montréal,289-292,Akio Sato; Tsutomu Harada; Shuji Hashimoto; Sadamu Ohteru,Singing and playing in musical virtual space,1991,Singing and Playing Music in Virtual Space,"Sato, Akio; Harada, Tsutomu; Hashimoto, Shuji; Ohteru,",https://quod.lib.umich.edu/i/icmc/bbp2372.1991.067/1,98
1991,Canada,McGill University,Montréal,297-299,Perry R. Cook,Tbone: an interactive waveguide brass instrument synthesis workbench for the NeXT machine,1991,TBone: An Interactive WaveGuide Brass Instrument Synthesis Workbench for the NeXT Machine,"Cook, Perry R.",https://quod.lib.umich.edu/i/icmc/bbp2372.1991.069/1,100
1991,Canada,McGill University,Montréal,404-407,Pauline Oliveros,The expanded instrument system (EIS),1991,The Expanded Instrument System (EIS),"Oliveros, Pauline",https://quod.lib.umich.edu/i/icmc/bbp2372.1991.098/1,100
1991,Canada,McGill University,Montréal,471-474,Louis-Philippe Demers,A performance instrument for lighting,1991,A Performance Instrument for Lighting,"Demers, Louis-Philippe",https://quod.lib.umich.edu/i/icmc/bbp2372.1991.115/1,100
1991,Canada,McGill University,Montréal,537-540,Roger B. Dannenberg; Kenneth Bookstein,Practical aspects of a MIDI conducting system,1991,Practical Aspects of a MIDI Conducting System,"Dannenberg, Roger B.; Bookstein, Kenneth",https://quod.lib.umich.edu/i/icmc/bbp2372.1991.131/1,100
1991,Canada,McGill University,Montréal,541-544,David Keane; Kevin Wood,The MIDI baton III,1991,The MIDI Baton III,"Keane, David; Wood, Kevin",https://quod.lib.umich.edu/i/icmc/bbp2372.1991.132/1,100
1991,Canada,McGill University,Montréal,567-570,J. M. Raczinski,New UPIC system demonstration,1991,New UPIC System Demonstration,"Raczinski, J. M.",https://quod.lib.umich.edu/i/icmc/bbp2372.1991.140/1,100
1992,USA,San Jose State University,San Jose,1,Max Mathews,My view of the future of real-time computer music,1992,My View of the Future of Real-Time Computer Music,"Mathews, Max",https://quod.lib.umich.edu/i/icmc/bbp2372.1992.001/1,100
1992,USA,San Jose State University,San Jose,73-76,Graziano Bertini; Paolo Carosi,The light baton: a system for conducting computer music performance,1992,The Light Baton: A System for Conducting Computer Music Performance,"Bertini, Graziano; Carosi, Paolo",https://quod.lib.umich.edu/i/icmc/bbp2372.1992.020/1,100
1992,USA,San Jose State University,San Jose,77-80,Brent Gillespie,Dynamical modeling of the grand piano action,1992,Dynamical Modeling of the Grand Piano Action,"Gillespie, Brent",https://quod.lib.umich.edu/i/icmc/bbp2372.1992.021/1,100
1992,USA,San Jose State University,San Jose,81-84,Lippold Haken; Radi Abdullah; Mark Smart,The continuum: a continuous music keyboard,1992,The Continuum: A Continuous Music Keyboard,"Haken, Lippold; Abdullah, Radi; Smart, Mark",https://quod.lib.umich.edu/i/icmc/bbp2372.1992.022/1,100
1992,USA,San Jose State University,San Jose,85-88,Tsutomu Harada; Akio Sato; Shuji Hashimoto; Sadamu Ohteru,Real time control of 3D sound space by gesture,1992,Real Time Control of 3D Sound Space by Gesture,"Harada, Tsutomu; Sato, Akio; Hashimoto, Shuji; Ohteru, Sadamu",https://quod.lib.umich.edu/i/icmc/bbp2372.1992.023/1,100
1992,USA,San Jose State University,San Jose,89-92,Randy C. Marchany; Joseph G. Tront,A programmable MIDI instrument controller emulating a hammer dulcimer,1992,A Programmable MIDI Instrument Controller Emulating a Hammer Dulcimer,"Marchany, Randy C.; Tront, Joseph G.",https://quod.lib.umich.edu/i/icmc/bbp2372.1992.024/1,100
1992,USA,San Jose State University,San Jose,93-96,Emile Tobenfeld,A system for computer assisted gestural improvisation,1992,A System for Computer Assisted Gestural Improvisation,"Tobenfeld, Emile",https://quod.lib.umich.edu/i/icmc/bbp2372.1992.025/1,100
1992,USA,San Jose State University,San Jose,198-201,Koji Kusu; Masaoki Ino; Donguk Skin; Shuji Hashimoto; Sadama Ohteru,Computer noh system,1992,Computer Noh System,"Kusu, Koji; Ino, Masaoki; Shin, Donguk; Hashimoto, Shuji; Ohteru, Sadamu",https://quod.lib.umich.edu/i/icmc/bbp2372.1992.052/1,100
1992,USA,San Jose State University,San Jose,269-272,David A. Jaffe; W. Andrew Schloss,The making of 'Wildlife': species of interaction,1992,"The Making of ""Widlife"": Species of Interaction","Jaffe, David A.; Schloss, Andrew",https://quod.lib.umich.edu/i/icmc/bbp2372.1992.071/1,99
1992,USA,San Jose State University,San Jose,273-276,Perry R. Cook,A meta-wind-instrument physical model; and a meta-controller for real-time performance control,1992,"A Meta-Wind-Instrument Physical Model, and a Meta-Controller for Real-Time Performance Control","Cook, Perry R.",https://quod.lib.umich.edu/i/icmc/bbp2372.1992.072/1,100
1992,USA,San Jose State University,San Jose,277-280,Michael Lee; David Wessel,Connectionist models for real-time control of synthesis and compositional algorithms,1992,Connectionist Models for Real-Time Control of Synthesis and COmpositional Algorithms,"Lee, Michael; Wessel, David",https://quod.lib.umich.edu/i/icmc/bbp2372.1992.073/1,100
1992,USA,San Jose State University,San Jose,325-328,Joel Ryan,The STEIM studio report,1992,The STEIM Studio Report,"Ryan, Joel",https://quod.lib.umich.edu/i/icmc/bbp2372.1992.087/1,100
1992,USA,San Jose State University,San Jose,360-361,Mark Bolas; Phil Stone,Virtual mutant Theremin,1992,Virtual Mutant Theremin,"Bolas, Mark; Stone, Phil",https://quod.lib.umich.edu/i/icmc/bbp2372.1992.098/1,100
1993,Japan,Waseda University,Tokyo,76-79,Chris Chafe,Tactile Audio Feedback,1993,Tactile Audio Feedback,"Chafe, Chris",https://quod.lib.umich.edu/i/icmc/bbp2372.1993.013/1,100
1993,Japan,Waseda University,Tokyo,124-126,Atau Tanaka,Musical Technical Issues in Using Interactive Instrument Technology with Application to the BioMuse,1993,Musical Technical Issues in Using Interactive Instrument Technology with Application to the BioMuse,"Tanaka, Atau",https://quod.lib.umich.edu/i/icmc/bbp2372.1993.023/1,100
1993,Japan,Waseda University,Tokyo,127-129,Tsutomu Kanamori; Haruhiro Katayose; Satosi Simura; Seiji Inokuchi,Gesture Sensor in Virtual Performer,1993,Gesture Sensor in Virtual Performer,"Kanamori, Tautomu; Katayose, Haruhiro; Simura, Satosi; Inokuchi, Seiji",https://quod.lib.umich.edu/i/icmc/bbp2372.1993.024/1,100
1993,Japan,Waseda University,Tokyo,130-133,Perry Cook; Dexter Morrill; Julius O. Smith,A MIDI Control and Performance System for Brass Instruments,1993,A MIDI Control and Performance System for Brass Instruments,"Cook, Perry; Morrill, Dexter; Smith, Julius O.",https://quod.lib.umich.edu/i/icmc/bbp2372.1993.025/1,100
1993,Japan,Waseda University,Tokyo,134-137,Miller Puckette; Zack Settel,Non-obvious roles for electronics in performance enhancement,1993,Nonobvious roles for electronics in performance enhancement,"Puckette, Miller; Settel, Zack",https://quod.lib.umich.edu/i/icmc/bbp2372.1993.026/1,99
1993,Japan,Waseda University,Tokyo,138-145,Haruhro Katayose; Tsutomu Kanamori; Katsuyuki Kamei; Yoichi Nagashima; Kosuke Sato; Seiji Inokuchi; Satosi Simura,Virtual Performer,1993,Virtual Performer,"Katayose, Haruhro; Kanamori, Tsutomu; Kamei, Katsuyuki; Nagashima, Yoichi; Sato, Kosuke; Inokuchi, Seiji; Simura, Satosi",https://quod.lib.umich.edu/i/icmc/bbp2372.1993.027/1,100
1993,Japan,Waseda University,Tokyo,150-153,Wataru Inoue; Shuji Hashimoto; Sadamu Ohteru,A Computer Music System for Human Singing,1993,A Computer Music System for Human Singing,"Inoue, Wataru; Hashimoto, Shuji; Ohteru, Sadamu",https://quod.lib.umich.edu/i/icmc/bbp2372.1993.029/1,100
1993,Japan,Waseda University,Tokyo,426-427,Eiji Hayashi; Tatuya Ishikawa; Masami Yamane,The Development of a Piano Player,1993,The Development of a Piano Player,"Hayashi, Eiji; Ishikawa, Tatsuya; Yamamoto, Kazuhiro; Yamane, Masami; Mori, Hajime",https://quod.lib.umich.edu/i/icmc/bbp2372.1993.104/1,100
1993,Japan,Waseda University,Tokyo,428-429,Koichi Sekiguchi; Ryoji Amemiya; Hiroshi Kubota; Masami Yamane,The Development of an Automatic Drum Playing Device,1993,The Development of an Automatic Drum Playing Device,"Sekiguchi, Koichi; Amemiya, Ryoji; Kubota, Hiroshi; Yamane, Masami",https://quod.lib.umich.edu/i/icmc/bbp2372.1993.105/1,100
1993,Japan,Waseda University,Tokyo,430-431,Hirohisa Ohta; Hiroshi Akita; Motomu Ohtani; Satosi Ishicado; Masami Yamane,The Development of an Automatic Bagpipe Playing Device,1993,The Development of an Automatic Bagpipe Playing Device,"Ohta, Hiroshisa; Akita, Hiroshi; Ohtami, Motomu; Ishikado, Satoshi; Yamane, Masami",https://quod.lib.umich.edu/i/icmc/bbp2372.1993.106/1,100
1994,Denmark,DIEM: Danish Institute of Electroacoustic Music,Århus,147-150,Jonathan Impett,A Meta-Trumpet(er),1994,A Meta Trumpet(er),"Impett, Jonathan",https://quod.lib.umich.edu/i/icmc/bbp2372.1994.037/1,100
1994,Denmark,DIEM: Danish Institute of Electroacoustic Music,Århus,151-158,Pitoyo Hartono; Kazumi Asano; Wataru Inoue;  Shuji Hashimoto,Adaptive Timbre Control Using Gesture,1994,Adaptive Timbre Control System Using Gesture,"Hartono, Pitoyo; Asano, Kazumi; Inoue, Wataru; Hashimoko, Shuji",https://quod.lib.umich.edu/i/icmc/bbp2372.1994.038/1,91
1994,Denmark,DIEM: Danish Institute of Electroacoustic Music,Århus,159-162,Roel Vertegaal; Barry Eaglestone; Clarke Michael,An Evaluation of Input Devices for Use in the ISEE Human-Synthesizer Interface,1994,An evaluation of input devices for use in the ISEE human-synthesizer interface,"Vetegaal, Roed; Eaglestone, Barry",https://quod.lib.umich.edu/i/icmc/bbp2372.1994.039/1,100
1994,Denmark,DIEM: Danish Institute of Electroacoustic Music,Århus,163-166,Brad Cariou,The aXī MIDI Controller,1994,The aXi0 MIDI Controler,"Cariou, Brad",https://quod.lib.umich.edu/i/icmc/bbp2372.1994.040/1,96
1994,Denmark,DIEM: Danish Institute of Electroacoustic Music,Århus,167-170,Brent Gillespie,The Virtual Piano Action: Design and Implementation,1994,The Virtual Piano Action: Design and Implementation,"Gillespie, Brent",https://quod.lib.umich.edu/i/icmc/bbp2372.1994.041/1,100
1994,Denmark,DIEM: Danish Institute of Electroacoustic Music,Århus,171-174,Bert Bongers,The Use of Active Tactile and Force Feedback in Timbre Controlling Electronic Instruments,1994,The use of active tactile and force feedback in timbre controlling electronic instruments,"Bongers, Bert",https://quod.lib.umich.edu/i/icmc/bbp2372.1994.042/1,100
1994,Denmark,DIEM: Danish Institute of Electroacoustic Music,Århus,175-176,Stuart Favilla,Live Performance and Virtuosic Pitch-Bend Technique for the Synthesizer,1994,Live Performance and Virtuosic Pitch-blend Technique for the Synthesizer,"Favilla, Stuart",https://quod.lib.umich.edu/i/icmc/bbp2372.1994.043/1,99
1994,Denmark,DIEM: Danish Institute of Electroacoustic Music,Århus,177-180,Stuart Favilla,The LDR controler,1994,The LDR Controller,"Favilla, Stuart",https://quod.lib.umich.edu/i/icmc/bbp2372.1994.044/1,97
1994,Denmark,DIEM: Danish Institute of Electroacoustic Music,Århus,183-184,Tim Anderson; Debbie Hearn,Using Hyper-Instruments for the re-distribution of the performance control interface,1994,Using HyperInstruments for the Redistribution of the Performance Control Interface,"Anderson, Tim; Hearn, Debbie",https://quod.lib.umich.edu/i/icmc/bbp2372.1994.046/1,84
1994,Denmark,DIEM: Danish Institute of Electroacoustic Music,Århus,192-195,David A. Jaffe; W. Andrew Schloss,A Virtual Piano Concerto Coupling of the Mathews/Boie Radio Drum and the Yamaha Disklavier Grand Piano in 'The Seven Wonders of the Ancient World',1994,"A Virtual Piano Concerto - Coupling of the Mathews/Boie Radio Drum and the Yamaha Disklavier Grand Piano in the ""The Seven Wonders of the Ancience World""","Jaffe, David A.; Schloss, Andrew",https://quod.lib.umich.edu/i/icmc/bbp2372.1994.050/1,98
1994,Denmark,DIEM: Danish Institute of Electroacoustic Music,Århus,196-199,Haruyose Katayose; Tsutomu Kanamori; Satosi Simura; Seiji Inokuchi,Demonstration of Gesture Sensors for the Shakuhachi,1994,Demonstration of Gesture Sensors for the Shakuhachi,"Katayose, Haruhiro; Kanamori, Tsutomu; Shimura, Satoshi; Inokuchi, Seiji",https://quod.lib.umich.edu/i/icmc/bbp2372.1994.051/1,100
1994,Denmark,DIEM: Danish Institute of Electroacoustic Music,Århus,200-201,Steven Curtin,The SoundLab: a wearable computer music instrument,1994,The SoundLab: a wearable computer music instrument,"Curtin, Steve",https://quod.lib.umich.edu/i/icmc/bbp2372.1994.052/1,100
1995,Canada,Banff Centre for Arts,Banff,104-105,Fernando Lopez-Lezcano,PadMaster : an improvisation environment for real-time performance,1995,PadMaster: An Improvisation Environment for Real Time Performance,"Lopez-Lezcano, Fernando",https://quod.lib.umich.edu/i/icmc/bbp2372.1995.025/1,100
1995,Canada,Banff Centre for Arts,Banff,106-107,Yushi Aono; Haruhiro Katayose and Seiji Inokuchi,An Improvisational Accompaniment System Observing Performer’s Musical Gesture,1995,An Improvisational Accompaniment System Observing Performer's Musical Gesture,"Aono, Yushi; Katayose, Haruhiro; Inokuchi, Seiji",https://quod.lib.umich.edu/i/icmc/bbp2372.1995.026/1,100
1995,Canada,Banff Centre for Arts,Banff,183-184,Brad Cariou,Vidolin; Alvise A Demonstration of the aXiØ Controller,1995,A Demonstration of the aXiǿ Controller,"Cariou, Brad",https://quod.lib.umich.edu/i/icmc/bbp2372.1995.055/1,82
1995,Canada,Banff Centre for Arts,Banff,185-186,Bennett Brecht and Guy E. Garnett,Conductor Follower,1995,Conductor Following,"Brecht, Bennett; Garnett, Guy E.",https://quod.lib.umich.edu/i/icmc/bbp2372.1995.056/1,86
1995,Canada,Banff Centre for Arts,Banff,223.,Harold Fortuin,The Clavette: A Generalized Microtonal MIDI Keyboard Controller,1995,The Clavette: A Generalized Microtonal MIDI Keyboard Controller,"Fortuin, Harold",https://quod.lib.umich.edu/i/icmc/bbp2372.1995.063/1,100
1995,Canada,Banff Centre for Arts,Banff,224-225,Russell Pinkston; Jim Kerkhoff and Mark McQuilken,A Touch Sensitive Dance Floor/MIDI Controller,1995,A Touch Sensitive Dance Floor/MIDI Controller,"Pinkston, Russell; Kerkhoff, Jim; McQuilken, Mark",https://quod.lib.umich.edu/i/icmc/bbp2372.1995.064/1,100
1995,Canada,Banff Centre for Arts,Banff,245-252,Antonio Camurri,Interactive Dance/Music Systems,1995,Interactive Dance/Music Systems,"Camurri, Antonio",https://quod.lib.umich.edu/i/icmc/bbp2372.1995.075/1,100
1995,Canada,Banff Centre for Arts,Banff,253-256,Roel Vertegaal and Tamas Ungvary,The Sentograph: Input Devices and the Communication of Bodily Expression,1995,The Sentograph: Input Devices and the Communication of Bodily Expression,"Vertegaal, Roel; Ungvary, Tamas",https://quod.lib.umich.edu/i/icmc/bbp2372.1995.076/1,100
1995,Canada,Banff Centre for Arts,Banff,257-260,Hideyuki Sawada; Shin'ya Ohkura and ShujiMaking Hashimoto,Gesture Analysis Using 3- D Acceleration Sensor for Music Control,1995,Gesture Analysis Using 3D Acceleration Sensor for Music Control,"Sawada, Hideyuki; Ohkura, Shin’Ya; Hashimoto, Shuji",https://quod.lib.umich.edu/i/icmc/bbp2372.1995.077/1,98
1995,Canada,Banff Centre for Arts,Banff,261-264,Todd Winkler;,Motion Musical: Gesture Mapping Strategies for Interactive Computer Music,1995,Making Motion Musical: Gesture Mapping Strategies for Interactive Computer Music,"Winkler, Todd",https://quod.lib.umich.edu/i/icmc/bbp2372.1995.078/1,95
1995,Canada,Banff Centre for Arts,Banff,265-268,Tsutomu Kanamori; Haruhiro Katayose; Yushi Aono; Seiji Inokuchi and Takasi Sakaguchi,Sensor Integration for Interactive Digital Art,1995,Sensor Integration for Interactive Digital Art,"Kanamori, Tsutomu; Katayose, Haruhiro; Aono, Yushi; Inokuchi, Seiji; Sakaguchi, Takashi",https://quod.lib.umich.edu/i/icmc/bbp2372.1995.079/1,100
1995,Canada,Banff Centre for Arts,Banff,315-318,Todor Todoroff,Real-Time Granular Morphing and Spatialisation of Sounds With Gestual Control Within MAX/FTS,1995,Real-Time Granular Morphing and Spatialisation of Sounds with Gestual Control within MAX/FTS,"Todoroff, Todor",https://quod.lib.umich.edu/i/icmc/bbp2372.1995.094/1,100
1995,Canada,Banff Centre for Arts,Banff,491-492,Mark A. Bromwich,A Single Performer Controlled Interface for Electronic Fance/Music Theatre,1995,A Single Performer Controlled Interface for Electronic Dance/Music Theatre,"Bromwich, Mark A.",https://quod.lib.umich.edu/i/icmc/bbp2372.1995.141/1,92
1995,Canada,Banff Centre for Arts,Banff,531-532,Claude Cadoz; Jean-Loup Florens and Annie Luciani,Musical Sounds; Animated Images with CORDIS-ANIMA and its Multimodal Interfaces,1995,"Musical Sounds, Animated Images with CORDIS-ANIMA and its Multimodal Interfaces","Cadoz, Claude; Florens, Jean-Loup; Luciani, Annie",https://quod.lib.umich.edu/i/icmc/bbp2372.1995.155/1,100
1995,Canada,Banff Centre for Arts,Banff,589.,Joel Chadabe,Interactive Performance,1995,Interactive Performance,"Chadabe, Joel",https://quod.lib.umich.edu/i/icmc/bbp2372.1995.170/1,100
1995,Canada,Banff Centre for Arts,Banff,595-596,Ross Kirk; Andy Hunt and Richard Orton,Audio-Visual Instruments in Live Performance,1995,Audio-Visual Instruments in Live Performance,"Kirk, Ross; Hunt, Andy; Orton, Richard",https://quod.lib.umich.edu/i/icmc/bbp2372.1995.173/1,100
1996,China,Hong Kong University of Science and Technology,Hong Kong,57-58,Lonny Chu,Haptic feedback in a computer music performance interface,1996,Haptic Feedback in a Computer Music Performance Interface,"Chu, Lonny",https://quod.lib.umich.edu/i/icmc/bbp2372.1996.016/1,100
1996,China,Hong Kong University of Science and Technology,Hong Kong,89-92,Stuart Favilla,Non-linear controlled mapping for gestural control of gamaka,1996,Non-linear Controller Mapping for Gestural Control of Gamaka,"Favilla, Stuart",https://quod.lib.umich.edu/i/icmc/bbp2372.1996.025/1,98
1996,China,Hong Kong University of Science and Technology,Hong Kong,116-117,Cort Lippe,A look at performer/machine interaction using real-time systems,1996,A Look at Performer/Machine Interaction Using Real-Time Systems,"Lippe, Cort",https://quod.lib.umich.edu/i/icmc/bbp2372.1996.033/1,100
1996,China,Hong Kong University of Science and Technology,Hong Kong,173-176,Haruhiro Katayose; Tsutomu Kanamori and Seiji Inokushi,An environment for interactive art- sensor integration and applications,1996,An Environment for Interactive Art - Sensor Integration and Applications,"Katayose, Haruhiro; Kanamori, Tsutomu; Inokuchi,",https://quod.lib.umich.edu/i/icmc/bbp2372.1996.053/1,100
1996,China,Hong Kong University of Science and Technology,Hong Kong,305-307,Forrest Tobey and Ichiro Fujinaga,Extraction of conducting gesture in 3D space,1996,Extraction of Conducting Gestures in 3D Space,"Tobey, Forrest; Fujinaga, Ichiro",https://quod.lib.umich.edu/i/icmc/bbp2372.1996.092/1,99
1996,China,Hong Kong University of Science and Technology,Hong Kong,308-311,Roel Vertegaal; Tamas Ungary and Michael Kieslinger,Towards a musician’s cockpit : Transducers; feedback and musical function,1996,"Towards a Musician’s Cockpit: Transducers, Feedback and Musical Function","Vertegaal, Roel; Ungvary, Tamas; Kieslinger, Michael",https://quod.lib.umich.edu/i/icmc/bbp2372.1996.093/1,100
1996,China,Hong Kong University of Science and Technology,Hong Kong,421-424,Hideyuki Sawada; Naoyuki Onoe and Shuji Hashimoto,Acceleration sensor as an input device for musical environment,1996,Acceleration Sensor as an Input Device for Musical Environment,"Sawada, Hideyuki; Onoe, Naoyuki; Hashimoto, Shuji",https://quod.lib.umich.edu/i/icmc/bbp2372.1996.130/1,100
1996,China,Hong Kong University of Science and Technology,Hong Kong,425-427,Fernando Lopez-Lezcano,PadMaster : Banging on algorithms with alternative controllers,1996,PadMaster: Banging on Algorithms with Alternative Controllers,"Lopez-Lezcano, Fernando",https://quod.lib.umich.edu/i/icmc/bbp2372.1996.131/1,100
1996,China,Hong Kong University of Science and Technology,Hong Kong,428-431,Chris Chafe and Sile O’Modhrain,Musical muscle memory and the Harpic display of performance nuance,1996,Musical Muscle Memory and the Haptic Display of Performance Nuance,"Chafe, Chris; OșModhrain, Sile",https://quod.lib.umich.edu/i/icmc/bbp2372.1996.132/1,98
1996,China,Hong Kong University of Science and Technology,Hong Kong,444-447,Hideyuki Sawada and Shuji Hashimoto,Adaptive control of a vocal chord and vocal tract for computerized mechanical singing instruments,1996,Adaptive Control of a Vocal Cord and Vocal Tract for Computerized Mechanical Singing Instruments,"Sawada, Hideyuki; Hashimoto, Shuji",https://quod.lib.umich.edu/i/icmc/bbp2372.1996.136/1,94
1997,Greece,Aristote University of Thessaloniki,Thessaloniki,141-144,Nicola Orio,A gesture interface controlled by the oral cavity,1997,A Gesture Interface Controlled by the Oral Cavity,"Orio, Nicola",https://quod.lib.umich.edu/i/icmc/bbp2372.1997.041/1,100
1997,Greece,Aristote University of Thessaloniki,Thessaloniki,309-312,Hideyuki Sawada; Naoyuki Onoe; Shuji Hashimoto,Sounds in Hands: A Sound Modifier Using Datagloves and Twiddle Interface,1997,Sounds in Hands: A Sound Modifier Using Datagloves and Twiddle Interface,"Sawada, Hideyuki; Onoe, Naoyuki; Hashimoto, Shuji",https://quod.lib.umich.edu/i/icmc/bbp2372.1997.082/1,100
1997,Greece,Aristote University of Thessaloniki,Thessaloniki,313-316,Teresa Marrin; Joseph Paradiso,The digital baton : a versatile performance instrument,1997,The Digital Baton: a Versatile Performance Instrument,"Teresa, Marrin; Paradiso, Joseph",https://quod.lib.umich.edu/i/icmc/bbp2372.1997.083/1,100
1997,Greece,Aristote University of Thessaloniki,Thessaloniki,321-324,Maura Sile O'Modhrain,Feel the music : narration in touch and sound,1997,Feel the Music: Narration in Touch and Sound,"O'Modhrain, Maura Sile",https://quod.lib.umich.edu/i/icmc/bbp2372.1997.085/1,100
1997,Greece,Aristote University of Thessaloniki,Thessaloniki,375-378,Lippold Haken; Kelly Fitz; Ed Tellman; Patrick Wolfe; Paul Christensen,A continous music keyboard controlling polyphonic morphing using bandwidth-enhanced oscillators,1997,A Continuous Music Keyboard Controlling Polyphonic Morphing Using Bandwidth-Enhanced Oscillators,"Haken, Lippold; Fitz, Kelly; Tellman, Ed; Wolfe, Patrick; Christensen, Paul",https://quod.lib.umich.edu/i/icmc/bbp2372.1997.100/1,99
1997,Greece,Aristote University of Thessaloniki,Thessaloniki,387-390,Matthew Wright; David Wessel; Audrain Freed,New musical control structures from standard gestual controllers,1997,New Musical Control Structures from Standard Gestural Controllers,"Wright, Matthew; Wessel, David; Freed, Adrian",https://quod.lib.umich.edu/i/icmc/bbp2372.1997.103/1,99
1997,Greece,Aristote University of Thessaloniki,Thessaloniki,395-398,Richard Boulanger; Max Mathews,The 1997 Mathews' radio baton and improvisation modes,1997,The 1997 Mathews Radio-Baton and Improvisation Modes,"Boulanger, Richard; Mathews, Max",https://quod.lib.umich.edu/i/icmc/bbp2372.1997.105/1,100
1997,Greece,Aristote University of Thessaloniki,Thessaloniki,403-407,Dionysios V. Politis; Ioannis A. Tsoukalas; Panagiotis Linardis; Alexandros Bakalakos,VIDI: a voice instrument digital interface of Byzantine music,1997,VIDI - A Voice Instrument Digital Interface for Byzantine Music,"Politis, Dionysios V.; Tsoukalas, Ioannis A.; Linardis, Panagiotis; Bakalakos, Alexandros",https://quod.lib.umich.edu/i/icmc/bbp2372.1997.107/1,94
1997,Greece,Aristote University of Thessaloniki,Thessaloniki,473-475,Marc Alexander Bromwich,The metabone : an interactive sensory control mechanism for virtuoso trombone,1997,The Metabone : An interactive sensory control mechanism for virtuoso trombone,"Bromwich, Mark A.",https://quod.lib.umich.edu/i/icmc/bbp2372.1997.127/1,100
1997,Greece,Aristote University of Thessaloniki,Thessaloniki,476-478,Haruhiro Katayose; Hirotsugu Shirakabe; Tsutomu Kanamori; Seiji Inokuchi,A toolkit for interactive digital art,1997,A Toolkit for Interactive Digital Art,"Katayose, Haruhiro; Shirakabe, Hirotsugu; Kanamori, Tsutomu; Inokuchi, Seiji",https://quod.lib.umich.edu/i/icmc/bbp2372.1997.128/1,100
1998,USA,University of Michigan,Ann Arbor,25-32,Satoshi Usa; Yasunori Mochida,A multi-modal conducting simulator,1998,A Multi-modal Conducting Simulator,"Usa, Satoshi; Mochida, Yasunori",https://quod.lib.umich.edu/i/icmc/bbp2372.1998.297/1,100
1998,USA,University of Michigan,Ann Arbor,33-36,Giovanni Costantini; Nottoli Giorgio,A new interactive performance system for real-time sound synthesis,1998,A New Interactive Performance System for Real-time Sound Synthesis,"Nottoli, Giorgio; Salerno, Mario; Costantini, Giovanni",https://quod.lib.umich.edu/i/icmc/bbp2372.1998.305/1,100
1998,USA,University of Michigan,Ann Arbor,129-132,Yoichi Nagashima,BioSensorFusion : new interfaces for interactive multimedia art,1998,Biosensorfusion: New Interfaces for Interactive Multimedia Art,"Nagashima, Yoichi",https://quod.lib.umich.edu/i/icmc/bbp2372.1998.252/1,100
1998,USA,University of Michigan,Ann Arbor,211-214,Haruhiro Katayose; Shigeyuki Hirai; Tsutomu Kanamoni,Physiological measurement of performer's tension and its utilization for media control,1998,Physiological Measurement of Performers' Tension and its Utilization for Media Control,"Katayose, Haruhiro; Hirai, Shigeyuki; Kanamori, Tsutomu; Kato, Hirokazu; Inokuchi, Seiji",https://quod.lib.umich.edu/i/icmc/bbp2372.1998.311/1,98
1998,USA,University of Michigan,Ann Arbor,215-219,Teresa Marrin; Rosalind Picard,"The ""conductor's Jacket"" : a device for recording expressive musical gestures",1998,"The ""Conductor's Jacket"": A Device for Recording Expressive Musical Gestures","Marrin, Teresa; Picard, Rosalind",https://quod.lib.umich.edu/i/icmc/bbp2372.1998.261/1,100
1998,USA,University of Michigan,Ann Arbor,220-223,Adrian Freed; David Wessel,Communication of musical gesture using the AES/EBU digital audio standard,1998,Communication of Musical Gesture using the AES/EBU Digital Audio Standard,"Freed, Adrian; Wessel, David",https://quod.lib.umich.edu/i/icmc/bbp2372.1998.257/1,100
1998,USA,University of Michigan,Ann Arbor,224-227,Matthew Wright,Implementation and performance issues with OpenSound control,1998,Implementation and Performance Issues with OpenSound Control,"Wright, Matthew",https://quod.lib.umich.edu/i/icmc/bbp2372.1998.281/1,100
1998,USA,University of Michigan,Ann Arbor,288-291,Leonello Tarabella; Massimo Magrini,A system for recognizing shape; position and rotation of the hands,1998,"A system for recognizing shape, position and rotation of the hands","Taraballa, Leonello",https://quod.lib.umich.edu/i/icmc/bbp2372.1998.503/1,100
1998,USA,University of Michigan,Ann Arbor,292-295,Mark Bromwich; Julie Wilson-Bokowiec,Bodycoder's : a sensor suit and vocal performance mechanism for real-time performance,1998,'Bodycoder': A Sensor Suit and Vocal Performance Mechanism for Real-time Performance,"Bromwich, Mark A.; Wilson, Julie A.",https://quod.lib.umich.edu/i/icmc/bbp2372.1998.253/1,99
1998,USA,University of Michigan,Ann Arbor,328-331,Atsuo Takanishi; Manabu Maeda,Development of an anthropomorphic flutist robot WF- 3RIV,1998,Development of an Anthropomorphic Flutist Robot WF-3RIV,"Takanishi, Atsuo; Maeda, Manabu",https://quod.lib.umich.edu/i/icmc/bbp2372.1998.267/1,100
1998,USA,University of Michigan,Ann Arbor,353-356,Perry Cook; Daniel Trueman,NBody : interactive multidirectional musical instrument body radiation simulators; and a database of measured impulse resonses,1998,"NBody: Interactive Multidirectional Musical Instrument Body Radiation Simulators, and a Database of Measured Impulse Responses","Cook, Perry R.; Trueman, Dan",https://quod.lib.umich.edu/i/icmc/bbp2372.1998.303/1,100
1998,USA,University of Michigan,Ann Arbor,357-360,David Gamper; Pauline Oliveros,Expended instrument system : recent development,1998,The Expanded instrument System: Recent Developments,"Gamper, David; Oliveros, Pauline",https://quod.lib.umich.edu/i/icmc/bbp2372.1998.273/1,93
1998,USA,University of Michigan,Ann Arbor,471-474,Todd Winkler,Motion-sensing music : artistic and technical challenges in two works for dance,1998,Motion-sensing Music: Artistic and Technical Challenges In Two Works For Dance,"Winkler, Todd",https://quod.lib.umich.edu/i/icmc/bbp2372.1998.296/1,100
1998,USA,University of Michigan,Ann Arbor,475-481,Niall Griffith; Mikael Fernstrom,LiteFoot - A Floor Space for Recording Dance and Controlling Media,1998,LiteFoot - A Floor Space for Recording Dance and Controlling Media,"Griffith, Niall; Fernström, Mikael",https://quod.lib.umich.edu/i/icmc/bbp2372.1998.291/1,100
1998,USA,University of Michigan,Ann Arbor,514-517,Shigeyuki Hirai; Haruhiro Katayose; Tsutomu Kanamori,Software sensors for interactive digital art,1998,Software Sensors for Interactive Digital Art,"Hirai, Shigeyuki; Katayose, Haruhiro; Kanamori, Tsutomu; Inokuchi, Seiji",https://quod.lib.umich.edu/i/icmc/bbp2372.1998.495/1,100
1998,USA,University of Michigan,Ann Arbor,518-526,Jean-Loup Florens; Claude Cadoz; Annie Lucianni,A real-time workstation for complex physical models of multi-sensorial and gesturally controlled instrumants,1998,A Real-time Workstation for Physical Model of Multi-sensorial and Gesturally Controlled Instrument,"Florens, Jean-Loup; Cadoz, Claude; Luciani, Annie",https://quod.lib.umich.edu/i/icmc/bbp2372.1998.320/1,94
1999,China,,Beijing,24-27,Kai-yuh Hsiao; Joseph Paradiso,A new continuous multimodal musical controller using wireless magnetic tags,1999,A New Continuous Multimodal Musical Controller Using Wireless Magnetic Tags,"Hsaio, Kai-Yuh; Paradiso, Joseph",https://quod.lib.umich.edu/i/icmc/bbp2372.1999.329/1,100
1999,China,,Beijing,28-31,Paul Modler; Ross Kirk,Evaluation of architecture for sound generation systems with respect to interactive gestural control and realtime performance,1999,Evaluation of Architectures for Sound Generation Systems with Respect to Interactive Gestural Control and Realtime Performance,"Modler, Paul; Kirk, Ross",https://quod.lib.umich.edu/i/icmc/bbp2372.1999.330/1,100
1999,China,,Beijing,32-35,Nagashima Yoichi; Tono-Ito Tamami,It's SHO time - An Interactive Environment for SHO(Sheng) Performance,1999,"""It's SHO time"" - An Interactive Environment for SHO(Sheng) Performance","Nagashima, Yoichi; Ito, Tamami Tono",https://quod.lib.umich.edu/i/icmc/bbp2372.1999.331/1,100
1999,China,,Beijing,224-227,Anthony De Ritis,Cathedral : an interactive work for the web,1999,Cathedral: An Interactive Work for the Web,"De Ritis, Anthony",https://quod.lib.umich.edu/i/icmc/bbp2372.1999.382/1,100
1999,China,,Beijing,228-231,Solvi Ystad; Thierry Voinier,Design of a flute interface to control synthesis models,1999,Design of a Flute Interface to Control Synthesis Models,"Ystad, Sølvi; Voinier, Thierry",https://quod.lib.umich.edu/i/icmc/bbp2372.1999.383/1,100
1999,China,,Beijing,232-239,Den Trueman; Perry Cook,BoSSA : the deconstructed violin reconstructed,1999,BoSSA: The Deconstructed Violin Reconstructed,"Trueman, Dan; Cook, Perry R.",https://quod.lib.umich.edu/i/icmc/bbp2372.1999.384/1,100
1999,China,,Beijing,268-271,Guy Garnett; Camille Goudeseume,Performance factors in control of hight-dimentional spaces,1999,Performance Factors in Control of High-Dimensional Space,"Garrett, Guy E.; Goudeseune, Camille",https://quod.lib.umich.edu/i/icmc/bbp2372.1999.393/1,96
1999,China,,Beijing,276-277,Wayne Siegel; Jens Jacobsen,Composing for the digital dance interface,1999,Composing for the Digital Dance Interface,"Siegel, Wayne; Jacobsen, Jens",https://quod.lib.umich.edu/i/icmc/bbp2372.1999.395/1,100
1999,China,,Beijing,367-370,Tommi Ilmonen; Tapio Takala,Conductor following with artificial neural networks,1999,Conductor Following With Artificial Neural Networks,"Ilmonen, Tommi; Takala, Tapio",https://quod.lib.umich.edu/i/icmc/bbp2372.1999.421/1,100
1999,China,,Beijing,371-374,Guy Garnett; Fernando Malvar-Ruiz; Fred Stoltzfus,Virtual conducting practice environment,1999,Virtual Conducting Practice Environment,"Garnett, Guy E.; Malvar-Ruiz, Fernando; Stoltzfus, Fred",https://quod.lib.umich.edu/i/icmc/bbp2372.1999.422/1,100
1999,China,,Beijing,375-378,Stefania Serafin; Xavier Rodet; Richard Dudas; Marcelo Wanderley,Gestural control of a real-time physical model of a bowed string instrument,1999,Gestural Control of a Real-Time Physical Model of a Bowed String Instrument,"Serafin, Stefania; Dudas, Richard; Wanderley, Marcelo M.; Rodet, Xavier",https://quod.lib.umich.edu/i/icmc/bbp2372.1999.423/1,100
1999,China,,Beijing,391-394,Nicola Orio,The timbre space of the classical guitar and its relationship with the plucking techniques,1999,The Timbre Space of the Classical Guitar and Its Relationship with the Plucking Techniques,"Orio, Nicola",https://quod.lib.umich.edu/i/icmc/bbp2372.1999.427/1,100
1999,China,,Beijing,407-410,Kenji Suzuki; Takeshi Ohashi; Shuji Hashimoto,Interactive multimodal mobile robot for musical performance,1999,Interactive Multimodal Mobile Robot for Musical Performance,"Suzuki, Kenji; Ohashi, Takeshi; Hashimoto, Shuji",https://quod.lib.umich.edu/i/icmc/bbp2372.1999.431/1,100
1999,China,,Beijing,418-421,Marcelo Wanderley; Philippe Depalle; Olivier Warufel,Improving instrumental sound synthesis by modeling the effects of performer gesture,1999,Improving Instrumental Sound Synthesis by Modeling the Effects of Performer Gesture,"Wanderley, Marcelo M.; Depalle, Philippe; Warusfel, Olivier",https://quod.lib.umich.edu/i/icmc/bbp2372.1999.434/1,100
1999,China,,Beijing,449-452,Lonny Chu,MusiCloth : a design methodology for the development of a performance interface,1999,MusiCloth: A Design Methodology for the Development of a Performance Initiative,"Chu, Lonny L.",https://quod.lib.umich.edu/i/icmc/bbp2372.1999.442/1,94
1999,China,,Beijing,453-456,Joseph Paradiso; Eric Hu; Kai-Yuh Hsiao,Interactive music for instrumented dancing shoes,1999,Interactive Music for Instrumented Dancing Shoes,"Paradiso, Joseph; Hsaio, Kai-Yuh; Hu, Eric",https://quod.lib.umich.edu/i/icmc/bbp2372.1999.443/1,100
1999,China,,Beijing,519-522,Atau Tanaka,Network audio performance and installation,1999,Network Audio Performance and Installation,"Tanaka, Atau",https://quod.lib.umich.edu/i/icmc/bbp2372.1999.460/1,100
2000,Germany,,Berlin,66-69,M. Sile O'Modhrain; Stefania Srafin; Chris Chafe; Julius O. Smith,Qualitative and quantitative assessment of a virtual bowed string instrument,2000,Qualitative and Quantitive Assessment of a Virtual Bowed String Instrument,"O'Modhrain, M. Sile; Serafin, Stefania; Chafe, Chris; Smith III, Julius O.",https://quod.lib.umich.edu/i/icmc/bbp2372.2000.199/1,99
2000,Germany,,Berlin,137-140,Todd Winkler,Participation and response in movement-sensing installations,2000,Participation and Response in Movement-Sensing Installations,"Winkler, Todd",https://quod.lib.umich.edu/i/icmc/bbp2372.2000.242/1,100
2000,Germany,,Berlin,141-144,Insook Choi; Geoffrey Zheng; Ken Cheng,Embedding a sensory data retrieval system in a movement-sensitive space and a surround sound system,2000,Embedding a sensory data retrieval system in a movement-sensitive space and a surround sound system,"Choi, Insook; Zheng, Geoffrey; Chen, Ken",https://quod.lib.umich.edu/i/icmc/bbp2372.2000.146/1,100
2000,Germany,,Berlin,145-148,M. Sile O'Modhrain; Chris Chafe,The performer-instrument interaction : a sensory motor perspective,2000,The Performer-Instrument Interaction: A Sensory Motor Perspective,"O'Modhrain, M. Sile; Chafe, Chris",https://quod.lib.umich.edu/i/icmc/bbp2372.2000.200/1,100
2000,Germany,,Berlin,244-247,Marcelo M. Wanderley; Jean-Philippe Viollet Fabrice Isart; Xavier Rodet,On the choice of transducer technologies for specific musical functions,2000,On the Choice of Transducer Technologies for Specific Musical Functions,"Wanderley, Marcelo M.; Viollet, Jean-Philippe; Isart, Fabrice; Rodet, Xavier",https://quod.lib.umich.edu/i/icmc/bbp2372.2000.238/1,100
2000,Germany,,Berlin,248-251,Dan Trueman; Curtis Bahn; Perry R. Cook,Alternative voices for electronic sound : spherical speakers and sensor-speaker arrays (SenSAs),2000,Alternative Voices for Electronic Sound: Spherical Speakers and Sensor-Speaker Arrays (SenSAs),"Trueman, Dan; Bahn, Curtis; Cook, Perry R.",https://quod.lib.umich.edu/i/icmc/bbp2372.2000.229/1,100
2000,Germany,,Berlin,262-265,Antonio Camurri; Paolo Coletta; Massimiliano Peri; Matteo Ricchetti; Andrea Ricci; Riccardo Trocca; Gualtiero Volpe,A real-time platform for interactive dance and music systems,2000,A real-time platform for interactive dance and music systems,"Camurri, Antonio; Coletto, Paolo; Peri, Massimiliano; Ricchetti, Matteo; Ricci, Andrea; Trocca, Riccardo; Volpe, Gualtiero",https://quod.lib.umich.edu/i/icmc/bbp2372.2000.138/1,100
2000,Germany,,Berlin,274-276,Charles Nichols,The vBow : a haptic musical controller human-computer interface,2000,The vBow: A Haptic Musical Controller Human-Computer Interface,"Nichols, Charles",https://quod.lib.umich.edu/i/icmc/bbp2372.2000.198/1,100
2000,Germany,,Berlin,277-280,Joseph A. Paradiso; Kai-Yuh Hsio; Joshua Strickon; Peter Rice,New sensor and music systems for large interactive surfaces,2000,New Sensor and Music Systems for Large Interactive Surfaces,"Paradiso, Joseph A.; Hsiao, Kai-Yuh; Strickon, Joshua; Rice, Peter",https://quod.lib.umich.edu/i/icmc/bbp2372.2000.204/1,100
2000,Germany,,Berlin,485-488,Kia Ng; Sita Popat; Bee Ong; Ewan Stefani; Kris Ppat; David Cooper,Trans-domain mapping : areal-time interactive system for motion acquisition and musical mapping,2000,Trans-Domain Mapping: A Real-time Interactive System for Motion Acquisition and Musical Mapping,"Ng, Kia; Popat, Sita; Ong, Bee; Stefani, Ewan; Popat, Kris; Cooper, David",https://quod.lib.umich.edu/i/icmc/bbp2372.2000.197/1,93
2000,Germany,,Berlin,511-514,Andrei Smirnov,Music and gesture : sensor technologies in interactive music and the Theremin based space control systems,2000,Music and Gesture: Sensor Technologies in Interactive Music and the Theremin based Space Control Systems,"Smirnov, Andrei",https://quod.lib.umich.edu/i/icmc/bbp2372.2000.221/1,100
2000,Germany,,Berlin,515-516,Adrian Freed; Rimas Avizienis,A new music Keyboard with continous key-position sensing and high-speed communication,2000,A New Music Keyboard with Continuous Key-position Sensing and High-speed Communication,"Freed, Adrian; Aviziensis, Rimas",https://quod.lib.umich.edu/i/icmc/bbp2372.2000.163/1,99
2000,Germany,,Berlin,519-522,Perry R. Cook; Colby N. Leider,SqueezeVox : a new controller for vocal synthesis models,2000,squeezeVox: A New Controller for Vocal Synthesis Models,"Cook, Perry R.; Lieder, Colby N.",https://quod.lib.umich.edu/i/icmc/bbp2372.2000.148/1,100
2000,Germany,,Berlin,539-542,Kenji Suzuki; Keishiro Tabe; Shuji Hashimoto,A mobile robot platform for music and dance performance,2000,A Mobile Robot Platform for Music and Dance Performance,"Suzuki, Kenji; Tabe, Keishiro; Hashimoto, Shuji",https://quod.lib.umich.edu/i/icmc/bbp2372.2000.223/1,100
2000,Germany,,Berlin,543-546,Adrian Freed; Osman Isvan,Musical applications of new; multi-axis guitar string sensors,2000,"Musical Applications of New, Multi-axis Guitar String Sensors","Freed, Adrian; Isvan, Osman",https://quod.lib.umich.edu/i/icmc/bbp2372.2000.164/1,100
2000,Germany,,Berlin,551-554,Tomoko Yonezawa; Kenji Mase,Tangible sound : musical instrument using fluid media,2000,Tangible Sound: Musical Instrument Using Fluid Media,"Yonezawa, Tomoko; Mase, Kenji",https://quod.lib.umich.edu/i/icmc/bbp2372.2000.244/1,100
